Location;Year;Heroin;Heroin (missing reason);Methadone;Methadone (missing reason);Natural and Semisynthetic Opioids (e.g. oxycodone, hydrocodone);Natural and Semisynthetic Opioids (e.g. oxycodone, hydrocodone) (missing reason);Synthetic Opioids, other than Methadone (e.g. fentanyl, tramadol);Synthetic Opioids, other than Methadone (e.g. fentanyl, tramadol) (missing reason);Footnotes
Alabama;2014;122;;44;;90.0;;47;;
South Carolina;2013;32;;50;;144.0;;50;;
Colorado;2011;79;;61;;198.0;;78;;
Mississippi;2011;;Not sufficient data. Data supressed to ensure confidentiality.;14;;48.0;;18;;
Utah;2011;73;;75;;280.0;;56;;
Delaware;2010;16;;20;;47.0;;14;;
South Carolina;2010;15;;73;;146.0;;58;;
Rhode Island;2009;;Not sufficient data. Data supressed to ensure confidentiality.;40;;26.0;;11;;
Kentucky;2008;12;;126;;229.0;;44;;
Montana;2008;;Not sufficient data. Data supressed to ensure confidentiality.;26;;27.0;;16;;
Nebraska;2008;;Not sufficient data. Data supressed to ensure confidentiality.;10;;14.0;;;Not sufficient data. Data supressed to ensure confidentiality.;
West Virginia;2008;36;;86;;218.0;;87;;
Arkansas;2007;;Not sufficient data. Data supressed to ensure confidentiality.;63;;87.0;;27;;
Texas;2006;212;;223;;564.0;;111;;
West Virginia;2006;;Not sufficient data. Data supressed to ensure confidentiality.;104;;155.0;;50;;
Alabama;2005;;Not sufficient data. Data supressed to ensure confidentiality.;47;;24.0;;11;;
Arizona;2005;32;;87;;171.0;;35;;
Oklahoma;2005;;Not sufficient data. Data supressed to ensure confidentiality.;111;;170.0;;54;;
South Carolina;2004;;Not sufficient data. Data supressed to ensure confidentiality.;40;;59.0;;32;;
Virginia;2004;67;;114;;179.0;;62;;
Florida;2002;206;;218;;405.0;;136;;
Kansas;2002;;Not sufficient data. Data supressed to ensure confidentiality.;24;;40.0;;18;;
California;2001;220;;37;;319.0;;31;;
Maryland;2001;;Not sufficient data. Data supressed to ensure confidentiality.;20;;22.0;;;Not sufficient data. Data supressed to ensure confidentiality.;
Virginia;2001;89;;74;;140.0;;31;;
New Jersey;2000;206;;17;;77.0;;19;;
Rhode Island;2000;;Not sufficient data. Data supressed to ensure confidentiality.;;Not sufficient data. Data supressed to ensure confidentiality.;;Not sufficient data. Data supressed to ensure confidentiality.;;Not sufficient data. Data supressed to ensure confidentiality.;
Ohio;1999;53;;;Not sufficient data. Data supressed to ensure confidentiality.;74.0;;24;;
Oklahoma;1999;;Not sufficient data. Data supressed to ensure confidentiality.;20;;50.0;;24;;
Rhode Island;1999;;Not sufficient data. Data supressed to ensure confidentiality.;;Not sufficient data. Data supressed to ensure confidentiality.;;Not sufficient data. Data supressed to ensure confidentiality.;;Not sufficient data. Data supressed to ensure confidentiality.;
Wyoming;1999;;Not sufficient data. Data supressed to ensure confidentiality.;;Not sufficient data. Data supressed to ensure confidentiality.;;Not sufficient data. Data supressed to ensure confidentiality.;;Not sufficient data. Data supressed to ensure confidentiality.;
Maine;2015;52;;36;;102.0;;116;;
Mississippi;2014;23;;;Not sufficient data. Data supressed to ensure confidentiality.;63.0;;24;;
South Carolina;2014;64;;77;;319.0;;110;;
New Hampshire;2013;67;;14;;62.0;;30;;
New Mexico;2013;89;;28;;209.0;;23;;
Delaware;2012;20;;11;;37.0;;17;;
Maine;2012;12;;25;;61.0;;15;;
Massachusetts;2012;246;;86;;171.0;;67;;
Pennsylvania;2012;323;;87;;358.0;;99;;
Delaware;2011;15;;23;;64.0;;13;;
Maine;2011;;Not sufficient data. Data supressed to ensure confidentiality.;32;;40.0;;19;;
Indiana;2010;56;;62;;140.0;;49;;
Oklahoma;2010;;Not sufficient data. Data supressed to ensure confidentiality.;100;;341.0;;107;;
California;2009;352;;426;;1147.0;;201;;
Indiana;2009;63;;80;;148.0;;64;;
New Jersey;2007;103;;78;;134.0;;33;;
Louisiana;2006;14;;117;;61.0;;14;;
Michigan;2006;149;;148;;169.0;;199;;
Arkansas;2005;;Not sufficient data. Data supressed to ensure confidentiality.;53;;60.0;;26;;
Tennessee;2005;12;;134;;223.0;;79;;
Connecticut;2004;92;;44;;30.0;;10;;
Minnesota;2004;;Not sufficient data. Data supressed to ensure confidentiality.;33;;64.0;;17;;
New York;2004;33;;137;;82.0;;16;;
Arkansas;2003;;Not sufficient data. Data supressed to ensure confidentiality.;36;;50.0;;26;;
Ohio;2002;118;;59;;188.0;;58;;
Oregon;2002;42;;82;;50.0;;11;;
Hawaii;2001;;Not sufficient data. Data supressed to ensure confidentiality.;;Not sufficient data. Data supressed to ensure confidentiality.;27.0;;;Not sufficient data. Data supressed to ensure confidentiality.;
Louisiana;2001;;Not sufficient data. Data supressed to ensure confidentiality.;21;;44.0;;;Not sufficient data. Data supressed to ensure confidentiality.;
North Carolina;1999;43;;47;;52.0;;27;;
Tennessee;1999;11;;12;;44.0;;17;;
Nevada;2015;82;;57;;259.0;;32;;
Colorado;2014;156;;51;;259.0;;80;;
Virginia;2013;206;;96;;297.0;;125;;
Wyoming;2013;;Not sufficient data. Data supressed to ensure confidentiality.;;Not sufficient data. Data supressed to ensure confidentiality.;33.0;;;Not sufficient data. Data supressed to ensure confidentiality.;
Oklahoma;2012;26;;77;;380.0;;107;;
South Carolina;2012;19;;37;;148.0;;46;;
Texas;2011;368;;179;;521.0;;114;;
Iowa;2010;;Not sufficient data. Data supressed to ensure confidentiality.;39;;75.0;;43;;
Texas;2010;260;;180;;540.0;;156;;
Michigan;2009;250;;179;;212.0;;93;;
Idaho;2008;;Not sufficient data. Data supressed to ensure confidentiality.;18;;47.0;;;Not sufficient data. Data supressed to ensure confidentiality.;
Massachusetts;2008;58;;80;;141.0;;54;;
Oklahoma;2008;;Not sufficient data. Data supressed to ensure confidentiality.;114;;249.0;;70;;
Arizona;2007;51;;81;;218.0;;38;;
Kansas;2007;;Not sufficient data. Data supressed to ensure confidentiality.;45;;57.0;;19;;
Washington;2007;75;;277;;276.0;;37;;
Illinois;2006;63;;91;;107.0;;375;;
Iowa;2006;;Not sufficient data. Data supressed to ensure confidentiality.;22;;51.0;;16;;
Wyoming;2006;;Not sufficient data. Data supressed to ensure confidentiality.;;Not sufficient data. Data supressed to ensure confidentiality.;;Not sufficient data. Data supressed to ensure confidentiality.;;Not sufficient data. Data supressed to ensure confidentiality.;
Nebraska;2005;;Not sufficient data. Data supressed to ensure confidentiality.;12;;25.0;;;Not sufficient data. Data supressed to ensure confidentiality.;
Oklahoma;2004;;Not sufficient data. Data supressed to ensure confidentiality.;128;;145.0;;46;;
Pennsylvania;2004;131;;93;;154.0;;86;;
Alaska;2003;;Not sufficient data. Data supressed to ensure confidentiality.;;Not sufficient data. Data supressed to ensure confidentiality.;;Not sufficient data. Data supressed to ensure confidentiality.;;Not sufficient data. Data supressed to ensure confidentiality.;
Vermont;2003;;Not sufficient data. Data supressed to ensure confidentiality.;11;;30.0;;10;;
Colorado;2002;28;;27;;69.0;;30;;
Massachusetts;2002;17;;24;;75.0;;21;;
Nebraska;2002;;Not sufficient data. Data supressed to ensure confidentiality.;;Not sufficient data. Data supressed to ensure confidentiality.;11.0;;;Not sufficient data. Data supressed to ensure confidentiality.;
Arizona;2001;23;;28;;83.0;;20;;
Michigan;2001;80;;15;;62.0;;17;;
Texas;2000;111;;50;;151.0;;46;;
Arkansas;1999;;Not sufficient data. Data supressed to ensure confidentiality.;;Not sufficient data. Data supressed to ensure confidentiality.;;Not sufficient data. Data supressed to ensure confidentiality.;;Not sufficient data. Data supressed to ensure confidentiality.;
Tennessee;2015;205;;67;;643.0;;251;;
Georgia;2012;40;;161;;300.0;;61;;
Indiana;2012;114;;46;;136.0;;43;;
Maryland;2012;173;;170;;258.0;;52;;
New Hampshire;2011;42;;31;;65.0;;27;;
Wisconsin;2011;135;;78;;232.0;;60;;
Connecticut;2010;77;;43;;41.0;;22;;
District of Columbia;2009;;Not sufficient data. Data supressed to ensure confidentiality.;;Not sufficient data. Data supressed to ensure confidentiality.;;Not sufficient data. Data supressed to ensure confidentiality.;;Not sufficient data. Data supressed to ensure confidentiality.;
District of Columbia;2007;;Not sufficient data. Data supressed to ensure confidentiality.;;Not sufficient data. Data supressed to ensure confidentiality.;;Not sufficient data. Data supressed to ensure confidentiality.;;Not sufficient data. Data supressed to ensure confidentiality.;
Texas;2007;214;;195;;515.0;;118;;
Idaho;2006;;Not sufficient data. Data supressed to ensure confidentiality.;35;;30.0;;;Not sufficient data. Data supressed to ensure confidentiality.;
New Mexico;2006;21;;56;;165.0;;24;;
Ohio;2006;124;;173;;250.0;;128;;
Iowa;2005;;Not sufficient data. Data supressed to ensure confidentiality.;21;;33.0;;;Not sufficient data. Data supressed to ensure confidentiality.;
Kentucky;2005;;Not sufficient data. Data supressed to ensure confidentiality.;156;;128.0;;31;;
Indiana;2004;;Not sufficient data. Data supressed to ensure confidentiality.;33;;50.0;;25;;
Louisiana;2003;;Not sufficient data. Data supressed to ensure confidentiality.;54;;52.0;;;Not sufficient data. Data supressed to ensure confidentiality.;
Michigan;2003;70;;50;;80.0;;34;;
Missouri;2003;42;;69;;140.0;;33;;
New Jersey;2003;214;;54;;114.0;;29;;
Virginia;2003;90;;112;;144.0;;44;;
Louisiana;2002;;Not sufficient data. Data supressed to ensure confidentiality.;41;;39.0;;;Not sufficient data. Data supressed to ensure confidentiality.;
New Hampshire;2001;;Not sufficient data. Data supressed to ensure confidentiality.;12;;18.0;;;Not sufficient data. Data supressed to ensure confidentiality.;
Wisconsin;2001;24;;21;;67.0;;24;;
Maine;2000;;Not sufficient data. Data supressed to ensure confidentiality.;20;;;Not sufficient data. Data supressed to ensure confidentiality.;;Not sufficient data. Data supressed to ensure confidentiality.;
Oregon;2000;31;;27;;26.0;;;Not sufficient data. Data supressed to ensure confidentiality.;
South Dakota;2000;;Not sufficient data. Data supressed to ensure confidentiality.;;Not sufficient data. Data supressed to ensure confidentiality.;;Not sufficient data. Data supressed to ensure confidentiality.;;Not sufficient data. Data supressed to ensure confidentiality.;
Colorado;2015;159;;34;;259.0;;64;;
Mississippi;2015;38;;12;;73.0;;35;;
Idaho;2014;11;;18;;42.0;;13;;
Pennsylvania;2014;503;;81;;411.0;;217;;
Ohio;2012;696;;136;;499.0;;139;;
West Virginia;2012;63;;67;;348.0;;89;;
Georgia;2011;30;;141;;327.0;;86;;
Montana;2011;;Not sufficient data. Data supressed to ensure confidentiality.;20;;32.0;;14;;
Vermont;2010;;Not sufficient data. Data supressed to ensure confidentiality.;;Not sufficient data. Data supressed to ensure confidentiality.;27.0;;;Not sufficient data. Data supressed to ensure confidentiality.;
Alaska;2009;;Not sufficient data. Data supressed to ensure confidentiality.;21;;60.0;;22;;
North Carolina;2009;76;;249;;426.0;;169;;
Vermont;2009;;Not sufficient data. Data supressed to ensure confidentiality.;13;;23.0;;;Not sufficient data. Data supressed to ensure confidentiality.;
Arizona;2008;63;;89;;255.0;;49;;
Iowa;2008;10;;27;;78.0;;25;;
North Carolina;2008;64;;301;;409.0;;127;;
Oregon;2008;93;;134;;92.0;;22;;
Georgia;2006;;Not sufficient data. Data supressed to ensure confidentiality.;137;;130.0;;57;;
Nebraska;2006;;Not sufficient data. Data supressed to ensure confidentiality.;10;;18.0;;;Not sufficient data. Data supressed to ensure confidentiality.;
North Carolina;2005;62;;299;;215.0;;115;;
Arizona;2004;40;;65;;145.0;;28;;
Delaware;2004;;Not sufficient data. Data supressed to ensure confidentiality.;;Not sufficient data. Data supressed to ensure confidentiality.;13.0;;;Not sufficient data. Data supressed to ensure confidentiality.;
North Dakota;2004;;Not sufficient data. Data supressed to ensure confidentiality.;;Not sufficient data. Data supressed to ensure confidentiality.;;Not sufficient data. Data supressed to ensure confidentiality.;;Not sufficient data. Data supressed to ensure confidentiality.;
Rhode Island;2004;;Not sufficient data. Data supressed to ensure confidentiality.;13;;19.0;;10;;
Delaware;2003;;Not sufficient data. Data supressed to ensure confidentiality.;13;;11.0;;;Not sufficient data. Data supressed to ensure confidentiality.;
Nevada;2003;36;;50;;111.0;;17;;
New Mexico;2003;25;;33;;144.0;;23;;
Michigan;2002;65;;43;;83.0;;41;;
South Carolina;2002;;Not sufficient data. Data supressed to ensure confidentiality.;11;;37.0;;22;;
Alabama;2001;;Not sufficient data. Data supressed to ensure confidentiality.;26;;22.0;;;Not sufficient data. Data supressed to ensure confidentiality.;
Illinois;2001;37;;52;;71.0;;34;;
Kentucky;2001;;Not sufficient data. Data supressed to ensure confidentiality.;50;;87.0;;19;;
Pennsylvania;2001;119;;15;;70.0;;28;;
South Carolina;2000;11;;13;;41.0;;19;;
Missouri;1999;48;;16;;20.0;;18;;
Illinois;2015;844;;99;;271.0;;278;;
Missouri;2015;303;;62;;237.0;;183;;
Pennsylvania;2015;663;;89;;460.0;;429;;
South Dakota;2014;;Not sufficient data. Data supressed to ensure confidentiality.;;Not sufficient data. Data supressed to ensure confidentiality.;20.0;;;Not sufficient data. Data supressed to ensure confidentiality.;
District of Columbia;2013;35;;;Not sufficient data. Data supressed to ensure confidentiality.;10.0;;;Not sufficient data. Data supressed to ensure confidentiality.;
Oklahoma;2013;22;;68;;375.0;;88;;
Pennsylvania;2013;409;;82;;406.0;;108;;
North Carolina;2012;152;;184;;410.0;;141;;
West Virginia;2011;34;;59;;442.0;;99;;
Maine;2010;;Not sufficient data. Data supressed to ensure confidentiality.;36;;52.0;;21;;
Alabama;2009;12;;88;;92.0;;31;;
Maine;2009;;Not sufficient data. Data supressed to ensure confidentiality.;40;;75.0;;16;;
Georgia;2008;23;;138;;193.0;;57;;
Michigan;2008;216;;150;;222.0;;73;;
Texas;2008;250;;173;;440.0;;86;;
Delaware;2007;10;;18;;12.0;;;Not sufficient data. Data supressed to ensure confidentiality.;
Iowa;2007;;Not sufficient data. Data supressed to ensure confidentiality.;37;;53.0;;18;;
New York;2007;195;;295;;394.0;;113;;
Arizona;2006;52;;88;;187.0;;54;;
Ohio;2005;134;;158;;206.0;;102;;
Rhode Island;2005;;Not sufficient data. Data supressed to ensure confidentiality.;25;;24.0;;10;;
Iowa;2004;;Not sufficient data. Data supressed to ensure confidentiality.;12;;34.0;;13;;
Colorado;2003;21;;30;;74.0;;22;;
Florida;2003;205;;270;;438.0;;175;;
Massachusetts;2003;23;;36;;88.0;;26;;
South Dakota;2003;;Not sufficient data. Data supressed to ensure confidentiality.;;Not sufficient data. Data supressed to ensure confidentiality.;;Not sufficient data. Data supressed to ensure confidentiality.;;Not sufficient data. Data supressed to ensure confidentiality.;
Utah;2003;31;;80;;157.0;;23;;
Georgia;2001;;Not sufficient data. Data supressed to ensure confidentiality.;41;;90.0;;27;;
Alabama;2015;111;;40;;87.0;;70;;
Arkansas;2015;;Not sufficient data. Data supressed to ensure confidentiality.;37;;144.0;;44;;
Kansas;2015;21;;26;;74.0;;36;;
Kentucky;2014;228;;59;;344.0;;179;;
Georgia;2013;67;;110;;309.0;;80;;
Massachusetts;2013;288;;94;;179.0;;98;;
California;2012;362;;342;;965.0;;146;;
Idaho;2012;;Not sufficient data. Data supressed to ensure confidentiality.;12;;33.0;;11;;
Alabama;2010;;Not sufficient data. Data supressed to ensure confidentiality.;78;;82.0;;34;;
Louisiana;2010;14;;18;;68.0;;21;;
New Hampshire;2010;13;;31;;61.0;;22;;
Ohio;2010;355;;175;;516.0;;175;;
Arkansas;2009;;Not sufficient data. Data supressed to ensure confidentiality.;70;;124.0;;59;;
Massachusetts;2009;61;;116;;153.0;;63;;
Wyoming;2009;;Not sufficient data. Data supressed to ensure confidentiality.;10;;15.0;;;Not sufficient data. Data supressed to ensure confidentiality.;
Missouri;2008;120;;89;;224.0;;55;;
South Carolina;2008;11;;58;;120.0;;41;;
South Dakota;2008;;Not sufficient data. Data supressed to ensure confidentiality.;;Not sufficient data. Data supressed to ensure confidentiality.;15.0;;;Not sufficient data. Data supressed to ensure confidentiality.;
Utah;2008;68;;99;;227.0;;26;;
Massachusetts;2007;68;;125;;170.0;;74;;
Utah;2007;51;;87;;238.0;;33;;
Kansas;2005;;Not sufficient data. Data supressed to ensure confidentiality.;45;;52.0;;17;;
Arkansas;2004;;Not sufficient data. Data supressed to ensure confidentiality.;50;;63.0;;30;;
Missouri;2004;57;;41;;132.0;;47;;
New York;2003;49;;147;;65.0;;29;;
Nebraska;2001;;Not sufficient data. Data supressed to ensure confidentiality.;;Not sufficient data. Data supressed to ensure confidentiality.;16.0;;10;;
South Dakota;2001;;Not sufficient data. Data supressed to ensure confidentiality.;;Not sufficient data. Data supressed to ensure confidentiality.;;Not sufficient data. Data supressed to ensure confidentiality.;;Not sufficient data. Data supressed to ensure confidentiality.;
District of Columbia;2000;;Not sufficient data. Data supressed to ensure confidentiality.;;Not sufficient data. Data supressed to ensure confidentiality.;;Not sufficient data. Data supressed to ensure confidentiality.;;Not sufficient data. Data supressed to ensure confidentiality.;
Maryland;2000;;Not sufficient data. Data supressed to ensure confidentiality.;18;;20.0;;;Not sufficient data. Data supressed to ensure confidentiality.;
New York;1999;41;;120;;48.0;;18;;
District of Columbia;2015;67;;;Not sufficient data. Data supressed to ensure confidentiality.;21.0;;26;;
Montana;2015;;Not sufficient data. Data supressed to ensure confidentiality.;;Not sufficient data. Data supressed to ensure confidentiality.;26.0;;;Not sufficient data. Data supressed to ensure confidentiality.;
Utah;2015;127;;45;;357.0;;62;;
Oregon;2014;124;;59;;137.0;;33;;
Vermont;2014;33;;;Not sufficient data. Data supressed to ensure confidentiality.;21.0;;21;;
South Dakota;2013;;Not sufficient data. Data supressed to ensure confidentiality.;;Not sufficient data. Data supressed to ensure confidentiality.;27.0;;;Not sufficient data. Data supressed to ensure confidentiality.;
Washington;2013;205;;156;;269.0;;59;;
Colorado;2012;91;;43;;223.0;;52;;
Alaska;2011;12;;17;;36.0;;;Not sufficient data. Data supressed to ensure confidentiality.;
North Dakota;2011;;Not sufficient data. Data supressed to ensure confidentiality.;;Not sufficient data. Data supressed to ensure confidentiality.;;Not sufficient data. Data supressed to ensure confidentiality.;;Not sufficient data. Data supressed to ensure confidentiality.;
Minnesota;2009;16;;78;;110.0;;39;;
Oregon;2009;117;;114;;127.0;;30;;
Alabama;2008;;Not sufficient data. Data supressed to ensure confidentiality.;101;;73.0;;19;;
Kansas;2008;;Not sufficient data. Data supressed to ensure confidentiality.;22;;48.0;;18;;
New Hampshire;2008;11;;21;;48.0;;14;;
Pennsylvania;2007;86;;124;;214.0;;83;;
Vermont;2007;;Not sufficient data. Data supressed to ensure confidentiality.;17;;28.0;;15;;
Indiana;2006;;Not sufficient data. Data supressed to ensure confidentiality.;49;;49.0;;48;;
North Carolina;2006;57;;337;;245.0;;105;;
South Dakota;2006;;Not sufficient data. Data supressed to ensure confidentiality.;;Not sufficient data. Data supressed to ensure confidentiality.;18.0;;;Not sufficient data. Data supressed to ensure confidentiality.;
Wisconsin;2006;28;;116;;159.0;;56;;
South Dakota;2005;;Not sufficient data. Data supressed to ensure confidentiality.;;Not sufficient data. Data supressed to ensure confidentiality.;14.0;;;Not sufficient data. Data supressed to ensure confidentiality.;
Vermont;2005;;Not sufficient data. Data supressed to ensure confidentiality.;16;;17.0;;;Not sufficient data. Data supressed to ensure confidentiality.;
New Jersey;2004;118;;50;;88.0;;23;;
West Virginia;2004;10;;105;;114.0;;67;;
Wisconsin;2004;22;;72;;106.0;;42;;
Illinois;2003;20;;64;;63.0;;32;;
Maine;2003;;Not sufficient data. Data supressed to ensure confidentiality.;36;;29.0;;11;;
Ohio;2003;91;;74;;160.0;;43;;
Mississippi;2002;;Not sufficient data. Data supressed to ensure confidentiality.;;Not sufficient data. Data supressed to ensure confidentiality.;16.0;;;Not sufficient data. Data supressed to ensure confidentiality.;
Nevada;2002;39;;50;;92.0;;23;;
Virginia;2002;89;;90;;143.0;;49;;
Wisconsin;2002;27;;39;;95.0;;26;;
Arkansas;2001;;Not sufficient data. Data supressed to ensure confidentiality.;;Not sufficient data. Data supressed to ensure confidentiality.;14.0;;;Not sufficient data. Data supressed to ensure confidentiality.;
New Jersey;2001;196;;27;;93.0;;33;;
Hawaii;2000;;Not sufficient data. Data supressed to ensure confidentiality.;;Not sufficient data. Data supressed to ensure confidentiality.;23.0;;;Not sufficient data. Data supressed to ensure confidentiality.;
Utah;2000;46;;27;;107.0;;11;;
Ohio;2015;1444;;109;;690.0;;1234;;
Maryland;2014;313;;153;;388.0;;230;;
Illinois;2013;583;;92;;185.0;;87;;
New York;2013;666;;274;;644.0;;210;;
Rhode Island;2013;65;;28;;80.0;;32;;
Florida;2012;101;;337;;850.0;;162;;
Hawaii;2012;;Not sufficient data. Data supressed to ensure confidentiality.;16;;35.0;;;Not sufficient data. Data supressed to ensure confidentiality.;
Tennessee;2012;50;;104;;491.0;;77;;
Utah;2012;84;;53;;328.0;;59;;
Idaho;2011;;Not sufficient data. Data supressed to ensure confidentiality.;22;;45.0;;;Not sufficient data. Data supressed to ensure confidentiality.;
Minnesota;2011;44;;58;;100.0;;31;;
Tennessee;2011;19;;87;;451.0;;64;;
New York;2010;193;;263;;526.0;;173;;
Illinois;2009;116;;88;;195.0;;111;;
Colorado;2008;48;;48;;176.0;;39;;
Mississippi;2008;;Not sufficient data. Data supressed to ensure confidentiality.;15;;58.0;;34;;
North Dakota;2008;;Not sufficient data. Data supressed to ensure confidentiality.;;Not sufficient data. Data supressed to ensure confidentiality.;13.0;;;Not sufficient data. Data supressed to ensure confidentiality.;
Kentucky;2006;;Not sufficient data. Data supressed to ensure confidentiality.;170;;169.0;;50;;
Maine;2006;;Not sufficient data. Data supressed to ensure confidentiality.;47;;41.0;;;Not sufficient data. Data supressed to ensure confidentiality.;
Missouri;2006;61;;88;;151.0;;140;;
Idaho;2005;;Not sufficient data. Data supressed to ensure confidentiality.;13;;25.0;;;Not sufficient data. Data supressed to ensure confidentiality.;
Massachusetts;2005;20;;93;;90.0;;38;;
West Virginia;2005;;Not sufficient data. Data supressed to ensure confidentiality.;60;;54.0;;42;;
Utah;2004;22;;101;;148.0;;13;;
Mississippi;2003;;Not sufficient data. Data supressed to ensure confidentiality.;12;;12.0;;;Not sufficient data. Data supressed to ensure confidentiality.;
North Dakota;2003;;Not sufficient data. Data supressed to ensure confidentiality.;;Not sufficient data. Data supressed to ensure confidentiality.;;Not sufficient data. Data supressed to ensure confidentiality.;;Not sufficient data. Data supressed to ensure confidentiality.;
Texas;2003;188;;155;;360.0;;76;;
Indiana;2002;;Not sufficient data. Data supressed to ensure confidentiality.;20;;25.0;;;Not sufficient data. Data supressed to ensure confidentiality.;
West Virginia;2002;;Not sufficient data. Data supressed to ensure confidentiality.;75;;88.0;;39;;
Missouri;2001;24;;19;;53.0;;36;;
Oregon;2001;36;;45;;41.0;;15;;
Mississippi;2000;;Not sufficient data. Data supressed to ensure confidentiality.;;Not sufficient data. Data supressed to ensure confidentiality.;;Not sufficient data. Data supressed to ensure confidentiality.;;Not sufficient data. Data supressed to ensure confidentiality.;
New Hampshire;2000;;Not sufficient data. Data supressed to ensure confidentiality.;;Not sufficient data. Data supressed to ensure confidentiality.;;Not sufficient data. Data supressed to ensure confidentiality.;;Not sufficient data. Data supressed to ensure confidentiality.;
Wyoming;2000;;Not sufficient data. Data supressed to ensure confidentiality.;;Not sufficient data. Data supressed to ensure confidentiality.;;Not sufficient data. Data supressed to ensure confidentiality.;;Not sufficient data. Data supressed to ensure confidentiality.;
Florida;1999;124;;34;;156.0;;59;;
New Mexico;1999;23;;32;;113.0;;26;;
Georgia;2015;222;;115;;435.0;;284;;
Maryland;2015;405;;182;;398.0;;357;;
Minnesota;2015;115;;55;;125.0;;55;;
South Carolina;2015;100;;57;;322.0;;161;;
Rhode Island;2014;66;;24;;70.0;;82;;
Wisconsin;2014;270;;78;;279.0;;90;;
Wyoming;2014;10;;;Not sufficient data. Data supressed to ensure confidentiality.;28.0;;12;;
Arkansas;2013;;Not sufficient data. Data supressed to ensure confidentiality.;42;;111.0;;31;;
West Virginia;2013;144;;54;;341.0;;98;;
Arizona;2012;101;;50;;326.0;;36;;
Washington;2012;177;;180;;332.0;;59;;
Wyoming;2012;;Not sufficient data. Data supressed to ensure confidentiality.;;Not sufficient data. Data supressed to ensure confidentiality.;26.0;;;Not sufficient data. Data supressed to ensure confidentiality.;
North Carolina;2010;39;;190;;428.0;;170;;
Virginia;2010;45;;108;;196.0;;87;;
Idaho;2009;;Not sufficient data. Data supressed to ensure confidentiality.;16;;35.0;;11;;
Arkansas;2008;;Not sufficient data. Data supressed to ensure confidentiality.;89;;110.0;;43;;
District of Columbia;2008;;Not sufficient data. Data supressed to ensure confidentiality.;;Not sufficient data. Data supressed to ensure confidentiality.;;Not sufficient data. Data supressed to ensure confidentiality.;;Not sufficient data. Data supressed to ensure confidentiality.;
Mississippi;2007;;Not sufficient data. Data supressed to ensure confidentiality.;31;;45.0;;22;;
South Carolina;2007;;Not sufficient data. Data supressed to ensure confidentiality.;59;;112.0;;35;;
Arkansas;2006;;Not sufficient data. Data supressed to ensure confidentiality.;70;;68.0;;31;;
Florida;2006;87;;516;;583.0;;131;;
Kansas;2006;;Not sufficient data. Data supressed to ensure confidentiality.;44;;62.0;;19;;
Massachusetts;2006;37;;148;;153.0;;88;;
Rhode Island;2006;10;;45;;33.0;;;Not sufficient data. Data supressed to ensure confidentiality.;
Washington;2005;54;;269;;232.0;;54;;
Alaska;2004;;Not sufficient data. Data supressed to ensure confidentiality.;;Not sufficient data. Data supressed to ensure confidentiality.;;Not sufficient data. Data supressed to ensure confidentiality.;;Not sufficient data. Data supressed to ensure confidentiality.;
Connecticut;2003;109;;19;;23.0;;;Not sufficient data. Data supressed to ensure confidentiality.;
California;2002;361;;115;;912.0;;117;;
Connecticut;2002;88;;24;;25.0;;;Not sufficient data. Data supressed to ensure confidentiality.;
Oklahoma;2002;;Not sufficient data. Data supressed to ensure confidentiality.;43;;81.0;;23;;
Tennessee;2002;;Not sufficient data. Data supressed to ensure confidentiality.;44;;80.0;;21;;
Montana;2001;;Not sufficient data. Data supressed to ensure confidentiality.;;Not sufficient data. Data supressed to ensure confidentiality.;15.0;;;Not sufficient data. Data supressed to ensure confidentiality.;
Nevada;2001;24;;47;;87.0;;20;;
New York;2001;57;;126;;68.0;;31;;
Tennessee;2001;;Not sufficient data. Data supressed to ensure confidentiality.;19;;86.0;;10;;
Idaho;1999;;Not sufficient data. Data supressed to ensure confidentiality.;;Not sufficient data. Data supressed to ensure confidentiality.;11.0;;;Not sufficient data. Data supressed to ensure confidentiality.;
Louisiana;1999;;Not sufficient data. Data supressed to ensure confidentiality.;;Not sufficient data. Data supressed to ensure confidentiality.;10.0;;;Not sufficient data. Data supressed to ensure confidentiality.;
Montana;1999;;Not sufficient data. Data supressed to ensure confidentiality.;;Not sufficient data. Data supressed to ensure confidentiality.;;Not sufficient data. Data supressed to ensure confidentiality.;;Not sufficient data. Data supressed to ensure confidentiality.;
Oregon;1999;65;;;Not sufficient data. Data supressed to ensure confidentiality.;26.0;;;Not sufficient data. Data supressed to ensure confidentiality.;
Delaware;2015;64;;14;;36.0;;38;;
Nebraska;2015;;Not sufficient data. Data supressed to ensure confidentiality.;12;;30.0;;13;;
Oklahoma;2015;36;;62;;277.0;;93;;
New York;2014;825;;231;;608.0;;294;;
California;2013;486;;343;;1039.0;;176;;
Texas;2012;367;;142;;480.0;;121;;
Florida;2011;62;;458;;1062.0;;138;;
Rhode Island;2011;12;;29;;62.0;;;Not sufficient data. Data supressed to ensure confidentiality.;
South Dakota;2011;;Not sufficient data. Data supressed to ensure confidentiality.;;Not sufficient data. Data supressed to ensure confidentiality.;21.0;;;Not sufficient data. Data supressed to ensure confidentiality.;
Hawaii;2010;;Not sufficient data. Data supressed to ensure confidentiality.;14;;40.0;;;Not sufficient data. Data supressed to ensure confidentiality.;
Nevada;2010;19;;99;;300.0;;39;;
Tennessee;2010;17;;127;;422.0;;72;;
Florida;2009;96;;471;;1011.0;;171;;
Oklahoma;2009;17;;112;;343.0;;160;;
West Virginia;2009;19;;41;;99.0;;42;;
California;2007;291;;312;;917.0;;138;;
Colorado;2006;39;;62;;123.0;;27;;
Connecticut;2006;87;;59;;38.0;;11;;
Oklahoma;2006;;Not sufficient data. Data supressed to ensure confidentiality.;151;;208.0;;45;;
Tennessee;2006;;Not sufficient data. Data supressed to ensure confidentiality.;183;;221.0;;64;;
Illinois;2002;48;;68;;79.0;;40;;
Rhode Island;2002;;Not sufficient data. Data supressed to ensure confidentiality.;16;;;Not sufficient data. Data supressed to ensure confidentiality.;;Not sufficient data. Data supressed to ensure confidentiality.;
New Mexico;2001;22;;27;;84.0;;16;;
Utah;2001;39;;39;;98.0;;;Not sufficient data. Data supressed to ensure confidentiality.;
Delaware;2000;;Not sufficient data. Data supressed to ensure confidentiality.;;Not sufficient data. Data supressed to ensure confidentiality.;;Not sufficient data. Data supressed to ensure confidentiality.;;Not sufficient data. Data supressed to ensure confidentiality.;
Florida;2000;170;;51;;239.0;;84;;
Montana;2000;;Not sufficient data. Data supressed to ensure confidentiality.;;Not sufficient data. Data supressed to ensure confidentiality.;;Not sufficient data. Data supressed to ensure confidentiality.;;Not sufficient data. Data supressed to ensure confidentiality.;
North Dakota;2000;;Not sufficient data. Data supressed to ensure confidentiality.;;Not sufficient data. Data supressed to ensure confidentiality.;;Not sufficient data. Data supressed to ensure confidentiality.;;Not sufficient data. Data supressed to ensure confidentiality.;
Iowa;1999;;Not sufficient data. Data supressed to ensure confidentiality.;;Not sufficient data. Data supressed to ensure confidentiality.;;Not sufficient data. Data supressed to ensure confidentiality.;;Not sufficient data. Data supressed to ensure confidentiality.;
Kentucky;1999;;Not sufficient data. Data supressed to ensure confidentiality.;;Not sufficient data. Data supressed to ensure confidentiality.;35.0;;10;;
Massachusetts;1999;17;;10;;30.0;;10;;
Wisconsin;1999;16;;11;;40.0;;16;;
Connecticut;2013;227;;49;;144.0;;53;;
District of Columbia;2012;25;;;Not sufficient data. Data supressed to ensure confidentiality.;13.0;;;Not sufficient data. Data supressed to ensure confidentiality.;
Alabama;2011;14;;63;;92.0;;19;;
Arkansas;2010;;Not sufficient data. Data supressed to ensure confidentiality.;56;;118.0;;57;;
Maryland;2010;94;;172;;205.0;;51;;
Missouri;2010;183;;78;;248.0;;92;;
Iowa;2009;;Not sufficient data. Data supressed to ensure confidentiality.;31;;83.0;;35;;
New Hampshire;2009;24;;45;;45.0;;22;;
Delaware;2008;;Not sufficient data. Data supressed to ensure confidentiality.;18;;29.0;;;Not sufficient data. Data supressed to ensure confidentiality.;
Maine;2008;;Not sufficient data. Data supressed to ensure confidentiality.;50;;46.0;;15;;
Montana;2007;;Not sufficient data. Data supressed to ensure confidentiality.;27;;25.0;;;Not sufficient data. Data supressed to ensure confidentiality.;
Hawaii;2006;;Not sufficient data. Data supressed to ensure confidentiality.;19;;30.0;;;Not sufficient data. Data supressed to ensure confidentiality.;
New Hampshire;2006;;Not sufficient data. Data supressed to ensure confidentiality.;43;;37.0;;14;;
Connecticut;2005;74;;35;;28.0;;10;;
Nevada;2005;46;;93;;153.0;;29;;
Pennsylvania;2005;138;;114;;157.0;;72;;
Florida;2004;140;;434;;540.0;;160;;
Maine;2004;;Not sufficient data. Data supressed to ensure confidentiality.;55;;27.0;;;Not sufficient data. Data supressed to ensure confidentiality.;
Nevada;2004;27;;86;;94.0;;23;;
Alabama;2003;;Not sufficient data. Data supressed to ensure confidentiality.;25;;22.0;;;Not sufficient data. Data supressed to ensure confidentiality.;
Wisconsin;2003;26;;41;;104.0;;42;;
Colorado;2001;23;;19;;93.0;;19;;
District of Columbia;2001;;Not sufficient data. Data supressed to ensure confidentiality.;;Not sufficient data. Data supressed to ensure confidentiality.;;Not sufficient data. Data supressed to ensure confidentiality.;;Not sufficient data. Data supressed to ensure confidentiality.;
South Carolina;2001;;Not sufficient data. Data supressed to ensure confidentiality.;15;;55.0;;;Not sufficient data. Data supressed to ensure confidentiality.;
West Virginia;2001;;Not sufficient data. Data supressed to ensure confidentiality.;38;;72.0;;37;;
Kentucky;2000;;Not sufficient data. Data supressed to ensure confidentiality.;28;;51.0;;;Not sufficient data. Data supressed to ensure confidentiality.;
Oklahoma;2000;12;;38;;68.0;;26;;
Alabama;1999;;Not sufficient data. Data supressed to ensure confidentiality.;16;;10.0;;10;;
Maryland;1999;;Not sufficient data. Data supressed to ensure confidentiality.;;Not sufficient data. Data supressed to ensure confidentiality.;;Not sufficient data. Data supressed to ensure confidentiality.;;Not sufficient data. Data supressed to ensure confidentiality.;
North Carolina;2015;393;;108;;554.0;;300;;
Rhode Island;2015;45;;30;;95.0;;137;;
Montana;2014;;Not sufficient data. Data supressed to ensure confidentiality.;16;;22.0;;14;;
New Jersey;2013;383;;67;;231.0;;57;;
Ohio;2013;998;;116;;518.0;;167;;
Connecticut;2012;98;;24;;38.0;;15;;
Illinois;2011;168;;84;;165.0;;86;;
South Carolina;2011;12;;61;;144.0;;47;;
Florida;2010;51;;439;;1169.0;;146;;
Idaho;2010;;Not sufficient data. Data supressed to ensure confidentiality.;26;;42.0;;14;;
Florida;2007;78;;568;;769.0;;137;;
Kentucky;2007;;Not sufficient data. Data supressed to ensure confidentiality.;155;;184.0;;37;;
North Carolina;2007;50;;333;;304.0;;112;;
Nevada;2006;36;;108;;174.0;;27;;
Washington;2006;54;;337;;263.0;;51;;
District of Columbia;2005;;Not sufficient data. Data supressed to ensure confidentiality.;;Not sufficient data. Data supressed to ensure confidentiality.;;Not sufficient data. Data supressed to ensure confidentiality.;;Not sufficient data. Data supressed to ensure confidentiality.;
Kansas;2003;;Not sufficient data. Data supressed to ensure confidentiality.;22;;39.0;;;Not sufficient data. Data supressed to ensure confidentiality.;
Minnesota;2003;;Not sufficient data. Data supressed to ensure confidentiality.;25;;40.0;;16;;
Nebraska;2003;;Not sufficient data. Data supressed to ensure confidentiality.;;Not sufficient data. Data supressed to ensure confidentiality.;11.0;;;Not sufficient data. Data supressed to ensure confidentiality.;
Alabama;2002;;Not sufficient data. Data supressed to ensure confidentiality.;33;;30.0;;;Not sufficient data. Data supressed to ensure confidentiality.;
Idaho;2001;;Not sufficient data. Data supressed to ensure confidentiality.;10;;30.0;;;Not sufficient data. Data supressed to ensure confidentiality.;
Alabama;2000;;Not sufficient data. Data supressed to ensure confidentiality.;12;;26.0;;11;;
Connecticut;2000;110;;15;;;Not sufficient data. Data supressed to ensure confidentiality.;;Not sufficient data. Data supressed to ensure confidentiality.;
Iowa;2000;;Not sufficient data. Data supressed to ensure confidentiality.;;Not sufficient data. Data supressed to ensure confidentiality.;;Not sufficient data. Data supressed to ensure confidentiality.;;Not sufficient data. Data supressed to ensure confidentiality.;
Hawaii;1999;;Not sufficient data. Data supressed to ensure confidentiality.;;Not sufficient data. Data supressed to ensure confidentiality.;22.0;;;Not sufficient data. Data supressed to ensure confidentiality.;
New Jersey;1999;207;;26;;94.0;;23;;
South Dakota;1999;;Not sufficient data. Data supressed to ensure confidentiality.;;Not sufficient data. Data supressed to ensure confidentiality.;;Not sufficient data. Data supressed to ensure confidentiality.;;Not sufficient data. Data supressed to ensure confidentiality.;
Wyoming;2015;;Not sufficient data. Data supressed to ensure confidentiality.;;Not sufficient data. Data supressed to ensure confidentiality.;28.0;;;Not sufficient data. Data supressed to ensure confidentiality.;
Georgia;2014;153;;124;;388.0;;174;;
Ohio;2014;1208;;107;;618.0;;590;;
Illinois;2010;150;;79;;175.0;;115;;
Montana;2010;;Not sufficient data. Data supressed to ensure confidentiality.;12;;33.0;;10;;
North Dakota;2010;;Not sufficient data. Data supressed to ensure confidentiality.;;Not sufficient data. Data supressed to ensure confidentiality.;12.0;;;Not sufficient data. Data supressed to ensure confidentiality.;
West Virginia;2010;28;;69;;342.0;;102;;
New York;2009;251;;238;;455.0;;177;;
Texas;2009;305;;177;;534.0;;166;;
Wisconsin;2009;75;;94;;191.0;;76;;
Maryland;2007;129;;201;;132.0;;35;;
California;2006;274;;276;;820.0;;154;;
Delaware;2006;;Not sufficient data. Data supressed to ensure confidentiality.;13;;13.0;;12;;
Utah;2006;46;;109;;192.0;;38;;
Virginia;2006;71;;113;;168.0;;63;;
Colorado;2005;41;;55;;105.0;;35;;
Hawaii;2005;;Not sufficient data. Data supressed to ensure confidentiality.;18;;39.0;;;Not sufficient data. Data supressed to ensure confidentiality.;
Indiana;2005;15;;51;;59.0;;26;;
Montana;2003;;Not sufficient data. Data supressed to ensure confidentiality.;24;;16.0;;;Not sufficient data. Data supressed to ensure confidentiality.;
North Carolina;2003;52;;249;;139.0;;71;;
Kentucky;2002;;Not sufficient data. Data supressed to ensure confidentiality.;78;;81.0;;30;;
Minnesota;2002;;Not sufficient data. Data supressed to ensure confidentiality.;16;;41.0;;;Not sufficient data. Data supressed to ensure confidentiality.;
New Jersey;2002;239;;48;;95.0;;29;;
North Dakota;2002;;Not sufficient data. Data supressed to ensure confidentiality.;;Not sufficient data. Data supressed to ensure confidentiality.;;Not sufficient data. Data supressed to ensure confidentiality.;;Not sufficient data. Data supressed to ensure confidentiality.;
Connecticut;2001;95;;14;;17.0;;;Not sufficient data. Data supressed to ensure confidentiality.;
Kansas;2001;;Not sufficient data. Data supressed to ensure confidentiality.;;Not sufficient data. Data supressed to ensure confidentiality.;22.0;;11;;
Massachusetts;2000;;Not sufficient data. Data supressed to ensure confidentiality.;;Not sufficient data. Data supressed to ensure confidentiality.;30.0;;16;;
Georgia;1999;;Not sufficient data. Data supressed to ensure confidentiality.;14;;26.0;;11;;
Indiana;1999;;Not sufficient data. Data supressed to ensure confidentiality.;;Not sufficient data. Data supressed to ensure confidentiality.;16.0;;;Not sufficient data. Data supressed to ensure confidentiality.;
West Virginia;1999;;Not sufficient data. Data supressed to ensure confidentiality.;;Not sufficient data. Data supressed to ensure confidentiality.;;Not sufficient data. Data supressed to ensure confidentiality.;12;;
Indiana;2015;240;;36;;146.0;;120;;
Illinois;2014;711;;106;;253.0;;127;;
Minnesota;2014;100;;81;;102.0;;44;;
Alabama;2013;40;;41;;65.0;;30;;
Vermont;2013;20;;14;;37.0;;17;;
Nevada;2012;45;;71;;305.0;;27;;
New York;2012;516;;328;;616.0;;164;;
Hawaii;2011;;Not sufficient data. Data supressed to ensure confidentiality.;19;;47.0;;;Not sufficient data. Data supressed to ensure confidentiality.;
Indiana;2011;68;;57;;173.0;;40;;
Maryland;2011;103;;167;;238.0;;56;;
Massachusetts;2011;144;;68;;168.0;;64;;
North Carolina;2011;82;;204;;439.0;;155;;
Rhode Island;2010;;Not sufficient data. Data supressed to ensure confidentiality.;25;;45.0;;12;;
Connecticut;2009;99;;42;;31.0;;20;;
South Carolina;2009;19;;58;;126.0;;56;;
Maine;2007;;Not sufficient data. Data supressed to ensure confidentiality.;45;;53.0;;;Not sufficient data. Data supressed to ensure confidentiality.;
California;2005;251;;214;;765.0;;123;;
New York;2005;34;;179;;100.0;;20;;
New Hampshire;2004;;Not sufficient data. Data supressed to ensure confidentiality.;29;;28.0;;;Not sufficient data. Data supressed to ensure confidentiality.;
Alaska;2002;;Not sufficient data. Data supressed to ensure confidentiality.;;Not sufficient data. Data supressed to ensure confidentiality.;;Not sufficient data. Data supressed to ensure confidentiality.;;Not sufficient data. Data supressed to ensure confidentiality.;
New Hampshire;2002;;Not sufficient data. Data supressed to ensure confidentiality.;33;;17.0;;;Not sufficient data. Data supressed to ensure confidentiality.;
Washington;2001;46;;83;;122.0;;27;;
Colorado;2000;38;;16;;57.0;;25;;
Tennessee;2000;;Not sufficient data. Data supressed to ensure confidentiality.;15;;55.0;;16;;
Nebraska;1999;;Not sufficient data. Data supressed to ensure confidentiality.;;Not sufficient data. Data supressed to ensure confidentiality.;;Not sufficient data. Data supressed to ensure confidentiality.;;Not sufficient data. Data supressed to ensure confidentiality.;
South Carolina;1999;;Not sufficient data. Data supressed to ensure confidentiality.;14;;23.0;;;Not sufficient data. Data supressed to ensure confidentiality.;
New York;2015;1058;;246;;705.0;;668;;
Kansas;2014;19;;34;;91.0;;39;;
Michigan;2014;525;;146;;328.0;;178;;
Virginia;2014;253;;105;;323.0;;176;;
Mississippi;2013;10;;12;;55.0;;24;;
North Carolina;2013;189;;164;;397.0;;116;;
Montana;2012;;Not sufficient data. Data supressed to ensure confidentiality.;13;;25.0;;13;;
Oregon;2012;129;;84;;145.0;;31;;
South Dakota;2012;;Not sufficient data. Data supressed to ensure confidentiality.;;Not sufficient data. Data supressed to ensure confidentiality.;17.0;;;Not sufficient data. Data supressed to ensure confidentiality.;
Utah;2010;55;;62;;222.0;;50;;
Maryland;2009;156;;136;;192.0;;52;;
Indiana;2008;56;;84;;109.0;;54;;
Michigan;2007;114;;153;;182.0;;71;;
Nebraska;2007;;Not sufficient data. Data supressed to ensure confidentiality.;13;;23.0;;;Not sufficient data. Data supressed to ensure confidentiality.;
Alabama;2006;;Not sufficient data. Data supressed to ensure confidentiality.;65;;49.0;;22;;
Idaho;2004;;Not sufficient data. Data supressed to ensure confidentiality.;23;;21.0;;;Not sufficient data. Data supressed to ensure confidentiality.;
Mississippi;2004;;Not sufficient data. Data supressed to ensure confidentiality.;;Not sufficient data. Data supressed to ensure confidentiality.;16.0;;;Not sufficient data. Data supressed to ensure confidentiality.;
Wyoming;2004;;Not sufficient data. Data supressed to ensure confidentiality.;;Not sufficient data. Data supressed to ensure confidentiality.;;Not sufficient data. Data supressed to ensure confidentiality.;;Not sufficient data. Data supressed to ensure confidentiality.;
District of Columbia;2003;;Not sufficient data. Data supressed to ensure confidentiality.;10;;;Not sufficient data. Data supressed to ensure confidentiality.;;Not sufficient data. Data supressed to ensure confidentiality.;
Georgia;2003;;Not sufficient data. Data supressed to ensure confidentiality.;71;;88.0;;36;;
Iowa;2001;;Not sufficient data. Data supressed to ensure confidentiality.;;Not sufficient data. Data supressed to ensure confidentiality.;15.0;;;Not sufficient data. Data supressed to ensure confidentiality.;
Texas;2001;179;;89;;214.0;;77;;
Indiana;2000;;Not sufficient data. Data supressed to ensure confidentiality.;;Not sufficient data. Data supressed to ensure confidentiality.;14.0;;12;;
Ohio;2000;76;;20;;107.0;;33;;
Hawaii;2015;15;;;Not sufficient data. Data supressed to ensure confidentiality.;37.0;;13;;
Virginia;2015;353;;67;;276.0;;270;;
Alaska;2014;25;;12;;40.0;;14;;
District of Columbia;2014;37;;;Not sufficient data. Data supressed to ensure confidentiality.;19.0;;13;;
Tennessee;2013;68;;86;;524.0;;99;;
Michigan;2012;263;;130;;274.0;;72;;
New Mexico;2012;104;;35;;179.0;;37;;
Oregon;2011;133;;98;;159.0;;29;;
Virginia;2011;103;;156;;319.0;;77;;
Washington;2011;148;;236;;325.0;;53;;
California;2010;326;;456;;1063.0;;205;;
Minnesota;2010;16;;62;;100.0;;37;;
Mississippi;2010;;Not sufficient data. Data supressed to ensure confidentiality.;21;;53.0;;25;;
New Jersey;2010;97;;47;;173.0;;35;;
Pennsylvania;2010;131;;110;;328.0;;98;;
Nevada;2008;31;;112;;214.0;;27;;
Washington;2008;67;;290;;302.0;;53;;
Alaska;2007;;Not sufficient data. Data supressed to ensure confidentiality.;;Not sufficient data. Data supressed to ensure confidentiality.;;Not sufficient data. Data supressed to ensure confidentiality.;;Not sufficient data. Data supressed to ensure confidentiality.;
Oregon;2006;60;;145;;122.0;;27;;
Pennsylvania;2006;94;;98;;140.0;;93;;
Delaware;2005;;Not sufficient data. Data supressed to ensure confidentiality.;;Not sufficient data. Data supressed to ensure confidentiality.;10.0;;;Not sufficient data. Data supressed to ensure confidentiality.;
Maryland;2005;79;;145;;90.0;;21;;
New Jersey;2005;168;;77;;126.0;;25;;
Virginia;2005;61;;121;;156.0;;42;;
Wisconsin;2005;31;;72;;135.0;;53;;
Pennsylvania;2003;165;;73;;131.0;;68;;
South Carolina;2003;;Not sufficient data. Data supressed to ensure confidentiality.;20;;54.0;;19;;
District of Columbia;2002;;Not sufficient data. Data supressed to ensure confidentiality.;;Not sufficient data. Data supressed to ensure confidentiality.;;Not sufficient data. Data supressed to ensure confidentiality.;;Not sufficient data. Data supressed to ensure confidentiality.;
Missouri;2002;53;;24;;80.0;;30;;
Florida;2001;202;;128;;437.0;;117;;
Minnesota;2001;;Not sufficient data. Data supressed to ensure confidentiality.;12;;41.0;;12;;
Mississippi;2001;;Not sufficient data. Data supressed to ensure confidentiality.;;Not sufficient data. Data supressed to ensure confidentiality.;15.0;;;Not sufficient data. Data supressed to ensure confidentiality.;
North Carolina;2001;50;;107;;148.0;;58;;
Missouri;2000;48;;14;;50.0;;27;;
New York;2000;27;;94;;34.0;;16;;
Alaska;1999;;Not sufficient data. Data supressed to ensure confidentiality.;;Not sufficient data. Data supressed to ensure confidentiality.;10.0;;;Not sufficient data. Data supressed to ensure confidentiality.;
Vermont;1999;;Not sufficient data. Data supressed to ensure confidentiality.;;Not sufficient data. Data supressed to ensure confidentiality.;;Not sufficient data. Data supressed to ensure confidentiality.;;Not sufficient data. Data supressed to ensure confidentiality.;
Arizona;2015;247;;75;;298.0;;72;;
New Jersey;2015;508;;55;;237.0;;243;;
Vermont;2015;33;;;Not sufficient data. Data supressed to ensure confidentiality.;25.0;;33;;
Connecticut;2014;299;;50;;157.0;;94;;
Louisiana;2014;107;;20;;93.0;;29;;
North Dakota;2014;;Not sufficient data. Data supressed to ensure confidentiality.;;Not sufficient data. Data supressed to ensure confidentiality.;17.0;;10;;
Utah;2014;110;;47;;367.0;;68;;
Kansas;2013;12;;30;;88.0;;37;;
Kentucky;2013;215;;70;;349.0;;76;;
Louisiana;2012;51;;26;;75.0;;19;;
North Dakota;2012;;Not sufficient data. Data supressed to ensure confidentiality.;;Not sufficient data. Data supressed to ensure confidentiality.;;Not sufficient data. Data supressed to ensure confidentiality.;;Not sufficient data. Data supressed to ensure confidentiality.;
Kentucky;2011;55;;103;;469.0;;76;;
Nevada;2011;40;;96;;302.0;;45;;
Oregon;2010;81;;105;;135.0;;27;;
Vermont;2008;;Not sufficient data. Data supressed to ensure confidentiality.;17;;32.0;;14;;
Ohio;2007;156;;194;;284.0;;109;;
District of Columbia;2006;;Not sufficient data. Data supressed to ensure confidentiality.;12;;14.0;;;Not sufficient data. Data supressed to ensure confidentiality.;
Mississippi;2006;;Not sufficient data. Data supressed to ensure confidentiality.;22;;27.0;;11;;
Georgia;2005;;Not sufficient data. Data supressed to ensure confidentiality.;123;;122.0;;47;;
District of Columbia;2004;;Not sufficient data. Data supressed to ensure confidentiality.;;Not sufficient data. Data supressed to ensure confidentiality.;19.0;;;Not sufficient data. Data supressed to ensure confidentiality.;
Maryland;2004;75;;96;;76.0;;16;;
California;2003;351;;144;;820.0;;119;;
Hawaii;2003;;Not sufficient data. Data supressed to ensure confidentiality.;;Not sufficient data. Data supressed to ensure confidentiality.;25.0;;;Not sufficient data. Data supressed to ensure confidentiality.;
Tennessee;2003;;Not sufficient data. Data supressed to ensure confidentiality.;78;;142.0;;64;;
Arkansas;2002;;Not sufficient data. Data supressed to ensure confidentiality.;32;;40.0;;24;;
Idaho;2002;;Not sufficient data. Data supressed to ensure confidentiality.;10;;25.0;;;Not sufficient data. Data supressed to ensure confidentiality.;
Iowa;2002;;Not sufficient data. Data supressed to ensure confidentiality.;;Not sufficient data. Data supressed to ensure confidentiality.;17.0;;10;;
Maryland;2002;27;;24;;25.0;;;Not sufficient data. Data supressed to ensure confidentiality.;
Montana;2002;;Not sufficient data. Data supressed to ensure confidentiality.;10;;;Not sufficient data. Data supressed to ensure confidentiality.;;Not sufficient data. Data supressed to ensure confidentiality.;
Wyoming;2002;;Not sufficient data. Data supressed to ensure confidentiality.;;Not sufficient data. Data supressed to ensure confidentiality.;10.0;;;Not sufficient data. Data supressed to ensure confidentiality.;
Delaware;2001;;Not sufficient data. Data supressed to ensure confidentiality.;;Not sufficient data. Data supressed to ensure confidentiality.;10.0;;;Not sufficient data. Data supressed to ensure confidentiality.;
Oklahoma;2001;;Not sufficient data. Data supressed to ensure confidentiality.;42;;94.0;;20;;
Arizona;2000;14;;14;;91.0;;17;;
New Mexico;2000;40;;24;;100.0;;20;;
Washington;2000;56;;66;;94.0;;23;;
Colorado;1999;42;;15;;42.0;;21;;
Texas;1999;107;;24;;118.0;;49;;
West Virginia;2014;163;;35;;363.0;;122;;
Alaska;2013;24;;;Not sufficient data. Data supressed to ensure confidentiality.;38.0;;12;;
Maryland;2013;217;;138;;304.0;;93;;
Minnesota;2013;92;;76;;111.0;;33;;
Nebraska;2013;;Not sufficient data. Data supressed to ensure confidentiality.;;Not sufficient data. Data supressed to ensure confidentiality.;33.0;;;Not sufficient data. Data supressed to ensure confidentiality.;
Missouri;2011;250;;73;;222.0;;66;;
Pennsylvania;2011;240;;86;;325.0;;111;;
District of Columbia;2010;16;;;Not sufficient data. Data supressed to ensure confidentiality.;;Not sufficient data. Data supressed to ensure confidentiality.;;Not sufficient data. Data supressed to ensure confidentiality.;
Delaware;2009;;Not sufficient data. Data supressed to ensure confidentiality.;21;;41.0;;19;;
Hawaii;2009;;Not sufficient data. Data supressed to ensure confidentiality.;20;;35.0;;;Not sufficient data. Data supressed to ensure confidentiality.;
Tennessee;2009;21;;104;;342.0;;75;;
Colorado;2007;39;;58;;185.0;;44;;
New Hampshire;2007;;Not sufficient data. Data supressed to ensure confidentiality.;65;;54.0;;16;;
Rhode Island;2007;;Not sufficient data. Data supressed to ensure confidentiality.;29;;17.0;;;Not sufficient data. Data supressed to ensure confidentiality.;
South Dakota;2007;;Not sufficient data. Data supressed to ensure confidentiality.;;Not sufficient data. Data supressed to ensure confidentiality.;11.0;;;Not sufficient data. Data supressed to ensure confidentiality.;
Virginia;2007;95;;142;;216.0;;68;;
Maryland;2006;111;;178;;109.0;;53;;
New York;2006;111;;310;;281.0;;137;;
North Dakota;2006;;Not sufficient data. Data supressed to ensure confidentiality.;;Not sufficient data. Data supressed to ensure confidentiality.;;Not sufficient data. Data supressed to ensure confidentiality.;;Not sufficient data. Data supressed to ensure confidentiality.;
South Carolina;2006;;Not sufficient data. Data supressed to ensure confidentiality.;69;;115.0;;41;;
Maine;2005;;Not sufficient data. Data supressed to ensure confidentiality.;61;;37.0;;;Not sufficient data. Data supressed to ensure confidentiality.;
Michigan;2005;151;;126;;151.0;;88;;
Oregon;2005;39;;123;;80.0;;22;;
Wyoming;2005;;Not sufficient data. Data supressed to ensure confidentiality.;;Not sufficient data. Data supressed to ensure confidentiality.;;Not sufficient data. Data supressed to ensure confidentiality.;;Not sufficient data. Data supressed to ensure confidentiality.;
Vermont;2004;;Not sufficient data. Data supressed to ensure confidentiality.;;Not sufficient data. Data supressed to ensure confidentiality.;24.0;;11;;
Indiana;2003;;Not sufficient data. Data supressed to ensure confidentiality.;45;;40.0;;26;;
South Dakota;2002;;Not sufficient data. Data supressed to ensure confidentiality.;;Not sufficient data. Data supressed to ensure confidentiality.;;Not sufficient data. Data supressed to ensure confidentiality.;;Not sufficient data. Data supressed to ensure confidentiality.;
Indiana;2001;;Not sufficient data. Data supressed to ensure confidentiality.;13;;28.0;;12;;
Maine;2001;;Not sufficient data. Data supressed to ensure confidentiality.;13;;19.0;;;Not sufficient data. Data supressed to ensure confidentiality.;
Alaska;2000;;Not sufficient data. Data supressed to ensure confidentiality.;;Not sufficient data. Data supressed to ensure confidentiality.;21.0;;;Not sufficient data. Data supressed to ensure confidentiality.;
Idaho;2000;;Not sufficient data. Data supressed to ensure confidentiality.;;Not sufficient data. Data supressed to ensure confidentiality.;17.0;;;Not sufficient data. Data supressed to ensure confidentiality.;
West Virginia;2000;;Not sufficient data. Data supressed to ensure confidentiality.;;Not sufficient data. Data supressed to ensure confidentiality.;23.0;;;Not sufficient data. Data supressed to ensure confidentiality.;
New Mexico;2015;156;;33;;160.0;;42;;
Washington;2015;303;;111;;261.0;;65;;
Wisconsin;2015;287;;73;;249.0;;112;;
Colorado;2013;120;;41;;221.0;;67;;
Montana;2013;;Not sufficient data. Data supressed to ensure confidentiality.;14;;43.0;;;Not sufficient data. Data supressed to ensure confidentiality.;
Illinois;2012;269;;105;;175.0;;84;;
Nebraska;2012;;Not sufficient data. Data supressed to ensure confidentiality.;22;;27.0;;10;;
Vermont;2012;10;;17;;27.0;;;Not sufficient data. Data supressed to ensure confidentiality.;
Virginia;2012;121;;104;;276.0;;89;;
South Dakota;2010;;Not sufficient data. Data supressed to ensure confidentiality.;;Not sufficient data. Data supressed to ensure confidentiality.;20.0;;;Not sufficient data. Data supressed to ensure confidentiality.;
Wisconsin;2010;92;;85;;228.0;;66;;
Louisiana;2009;11;;19;;57.0;;16;;
Nebraska;2009;;Not sufficient data. Data supressed to ensure confidentiality.;19;;35.0;;11;;
Illinois;2008;107;;83;;178.0;;83;;
Virginia;2008;87;;139;;216.0;;89;;
Hawaii;2007;;Not sufficient data. Data supressed to ensure confidentiality.;20;;49.0;;;Not sufficient data. Data supressed to ensure confidentiality.;
Montana;2006;;Not sufficient data. Data supressed to ensure confidentiality.;27;;12.0;;;Not sufficient data. Data supressed to ensure confidentiality.;
Illinois;2005;49;;81;;96.0;;59;;
Mississippi;2005;;Not sufficient data. Data supressed to ensure confidentiality.;23;;15.0;;;Not sufficient data. Data supressed to ensure confidentiality.;
New Mexico;2005;45;;28;;130.0;;12;;
North Carolina;2004;49;;267;;163.0;;109;;
Rhode Island;2003;;Not sufficient data. Data supressed to ensure confidentiality.;20;;14.0;;;Not sufficient data. Data supressed to ensure confidentiality.;
Wyoming;2003;;Not sufficient data. Data supressed to ensure confidentiality.;;Not sufficient data. Data supressed to ensure confidentiality.;;Not sufficient data. Data supressed to ensure confidentiality.;;Not sufficient data. Data supressed to ensure confidentiality.;
Vermont;2001;;Not sufficient data. Data supressed to ensure confidentiality.;;Not sufficient data. Data supressed to ensure confidentiality.;18.0;;;Not sufficient data. Data supressed to ensure confidentiality.;
Minnesota;2000;;Not sufficient data. Data supressed to ensure confidentiality.;;Not sufficient data. Data supressed to ensure confidentiality.;14.0;;;Not sufficient data. Data supressed to ensure confidentiality.;
California;2015;593;;291;;1019.0;;229;;
Connecticut;2015;390;;72;;183.0;;211;;
Kentucky;2015;310;;60;;382.0;;323;;
Michigan;2015;646;;171;;380.0;;457;;
South Dakota;2015;;Not sufficient data. Data supressed to ensure confidentiality.;;Not sufficient data. Data supressed to ensure confidentiality.;10.0;;;Not sufficient data. Data supressed to ensure confidentiality.;
Texas;2015;523;;144;;473.0;;186;;
Iowa;2014;37;;16;;81.0;;29;;
Florida;2013;181;;271;;751.0;;200;;
Maine;2013;16;;34;;64.0;;23;;
Utah;2013;122;;59;;358.0;;58;;
California;2011;364;;406;;1167.0;;164;;
Kansas;2011;;Not sufficient data. Data supressed to ensure confidentiality.;27;;70.0;;23;;
Vermont;2011;;Not sufficient data. Data supressed to ensure confidentiality.;13;;30.0;;12;;
New Mexico;2009;48;;21;;119.0;;24;;
South Dakota;2009;;Not sufficient data. Data supressed to ensure confidentiality.;;Not sufficient data. Data supressed to ensure confidentiality.;19.0;;12;;
Ohio;2008;238;;182;;330.0;;107;;
Wyoming;2008;;Not sufficient data. Data supressed to ensure confidentiality.;;Not sufficient data. Data supressed to ensure confidentiality.;19.0;;11;;
Louisiana;2007;;Not sufficient data. Data supressed to ensure confidentiality.;106;;88.0;;21;;
Missouri;2007;67;;89;;172.0;;70;;
Nevada;2007;42;;124;;187.0;;23;;
Alaska;2005;;Not sufficient data. Data supressed to ensure confidentiality.;;Not sufficient data. Data supressed to ensure confidentiality.;;Not sufficient data. Data supressed to ensure confidentiality.;;Not sufficient data. Data supressed to ensure confidentiality.;
Florida;2005;108;;430;;496.0;;144;;
New Hampshire;2005;;Not sufficient data. Data supressed to ensure confidentiality.;51;;23.0;;11;;
Kansas;2004;;Not sufficient data. Data supressed to ensure confidentiality.;33;;59.0;;22;;
Oregon;2004;47;;99;;66.0;;13;;
Washington;2004;57;;252;;210.0;;42;;
Utah;2002;26;;61;;122.0;;13;;
Massachusetts;2001;18;;23;;69.0;;11;;
Wyoming;2001;;Not sufficient data. Data supressed to ensure confidentiality.;;Not sufficient data. Data supressed to ensure confidentiality.;;Not sufficient data. Data supressed to ensure confidentiality.;;Not sufficient data. Data supressed to ensure confidentiality.;
California;2000;330;;51;;633.0;;68;;
Arizona;1999;23;;20;;80.0;;22;;
Illinois;1999;30;;29;;43.0;;25;;
Alaska;2015;37;;10;;51.0;;14;;
Florida;2015;567;;210;;789.0;;610;;
Arkansas;2014;;Not sufficient data. Data supressed to ensure confidentiality.;29;;119.0;;32;;
California;2014;561;;337;;1047.0;;194;;
Tennessee;2014;148;;71;;554.0;;132;;
Idaho;2013;;Not sufficient data. Data supressed to ensure confidentiality.;11;;51.0;;14;;
Indiana;2013;160;;34;;111.0;;34;;
Wisconsin;2012;185;;62;;229.0;;56;;
Arizona;2011;117;;55;;313.0;;40;;
New York;2011;334;;301;;621.0;;155;;
Alaska;2010;;Not sufficient data. Data supressed to ensure confidentiality.;25;;38.0;;10;;
Colorado;2010;46;;48;;135.0;;58;;
Kansas;2010;;Not sufficient data. Data supressed to ensure confidentiality.;27;;52.0;;18;;
Colorado;2009;70;;57;;170.0;;68;;
North Dakota;2009;;Not sufficient data. Data supressed to ensure confidentiality.;;Not sufficient data. Data supressed to ensure confidentiality.;;Not sufficient data. Data supressed to ensure confidentiality.;;Not sufficient data. Data supressed to ensure confidentiality.;
Maryland;2008;105;;154;;173.0;;35;;
Pennsylvania;2008;158;;111;;260.0;;99;;
Wisconsin;2008;67;;119;;176.0;;53;;
Indiana;2007;18;;79;;81.0;;51;;
Oklahoma;2007;;Not sufficient data. Data supressed to ensure confidentiality.;181;;284.0;;67;;
Tennessee;2007;;Not sufficient data. Data supressed to ensure confidentiality.;159;;236.0;;84;;
West Virginia;2007;21;;93;;177.0;;80;;
Louisiana;2005;;Not sufficient data. Data supressed to ensure confidentiality.;101;;54.0;;;Not sufficient data. Data supressed to ensure confidentiality.;
Texas;2005;203;;199;;401.0;;86;;
Utah;2005;44;;112;;181.0;;38;;
Massachusetts;2004;14;;58;;65.0;;34;;
Tennessee;2004;;Not sufficient data. Data supressed to ensure confidentiality.;110;;184.0;;74;;
Texas;2004;201;;160;;359.0;;94;;
Washington;2003;63;;160;;160.0;;33;;
Delaware;2002;14;;;Not sufficient data. Data supressed to ensure confidentiality.;19.0;;;Not sufficient data. Data supressed to ensure confidentiality.;
Pennsylvania;2000;145;;18;;97.0;;32;;
Nevada;1999;43;;18;;80.0;;21;;
West Virginia;2015;194;;29;;356.0;;217;;
New Hampshire;2014;98;;29;;81.0;;151;;
Oklahoma;2014;26;;67;;370.0;;73;;
Arkansas;2012;;Not sufficient data. Data supressed to ensure confidentiality.;43;;118.0;;20;;
Iowa;2012;14;;41;;100.0;;36;;
Rhode Island;2012;30;;28;;72.0;;12;;
Arkansas;2011;;Not sufficient data. Data supressed to ensure confidentiality.;56;;114.0;;29;;
Wyoming;2011;;Not sufficient data. Data supressed to ensure confidentiality.;;Not sufficient data. Data supressed to ensure confidentiality.;28.0;;;Not sufficient data. Data supressed to ensure confidentiality.;
Michigan;2010;215;;158;;244.0;;85;;
Nebraska;2010;;Not sufficient data. Data supressed to ensure confidentiality.;14;;33.0;;21;;
Kentucky;2009;23;;92;;290.0;;65;;
Montana;2009;;Not sufficient data. Data supressed to ensure confidentiality.;37;;42.0;;21;;
New Jersey;2009;19;;;Not sufficient data. Data supressed to ensure confidentiality.;14.0;;;Not sufficient data. Data supressed to ensure confidentiality.;
Utah;2009;54;;66;;254.0;;59;;
Louisiana;2008;14;;47;;59.0;;10;;
Tennessee;2008;;Not sufficient data. Data supressed to ensure confidentiality.;118;;266.0;;98;;
New Jersey;2006;106;;72;;140.0;;38;;
Vermont;2006;;Not sufficient data. Data supressed to ensure confidentiality.;27;;24.0;;15;;
Minnesota;2005;;Not sufficient data. Data supressed to ensure confidentiality.;35;;62.0;;19;;
Alabama;2004;;Not sufficient data. Data supressed to ensure confidentiality.;46;;32.0;;12;;
California;2004;286;;205;;751.0;;140;;
Colorado;2004;23;;40;;80.0;;22;;
Ohio;2004;129;;141;;184.0;;78;;
Iowa;2003;;Not sufficient data. Data supressed to ensure confidentiality.;;Not sufficient data. Data supressed to ensure confidentiality.;15.0;;12;;
Arizona;2002;24;;57;;128.0;;21;;
Washington;2002;70;;140;;137.0;;47;;
North Dakota;2001;;Not sufficient data. Data supressed to ensure confidentiality.;;Not sufficient data. Data supressed to ensure confidentiality.;;Not sufficient data. Data supressed to ensure confidentiality.;;Not sufficient data. Data supressed to ensure confidentiality.;
Nevada;2000;39;;24;;98.0;;15;;
North Carolina;2000;41;;89;;114.0;;49;;
Delaware;1999;14;;;Not sufficient data. Data supressed to ensure confidentiality.;;Not sufficient data. Data supressed to ensure confidentiality.;;Not sufficient data. Data supressed to ensure confidentiality.;
Michigan;1999;39;;12;;35.0;;20;;
Mississippi;1999;;Not sufficient data. Data supressed to ensure confidentiality.;;Not sufficient data. Data supressed to ensure confidentiality.;;Not sufficient data. Data supressed to ensure confidentiality.;;Not sufficient data. Data supressed to ensure confidentiality.;
North Dakota;1999;;Not sufficient data. Data supressed to ensure confidentiality.;;Not sufficient data. Data supressed to ensure confidentiality.;;Not sufficient data. Data supressed to ensure confidentiality.;;Not sufficient data. Data supressed to ensure confidentiality.;
Indiana;2014;173;;37;;149.0;;83;;
Louisiana;2013;121;;20;;86.0;;26;;
Oregon;2013;103;;66;;119.0;;27;;
Alabama;2012;35;;55;;62.0;;16;;
New Hampshire;2012;39;;27;;56.0;;24;;
Connecticut;2011;85;;32;;44.0;;13;;
District of Columbia;2011;23;;11;;11.0;;;Not sufficient data. Data supressed to ensure confidentiality.;
New Jersey;2011;131;;61;;220.0;;31;;
New Mexico;2011;68;;31;;127.0;;20;;
Kentucky;2010;37;;118;;436.0;;53;;
New Mexico;2010;21;;29;;114.0;;20;;
New Mexico;2008;65;;52;;204.0;;22;;
Connecticut;2007;118;;57;;33.0;;22;;
Minnesota;2007;;Not sufficient data. Data supressed to ensure confidentiality.;55;;81.0;;25;;
North Dakota;2007;;Not sufficient data. Data supressed to ensure confidentiality.;;Not sufficient data. Data supressed to ensure confidentiality.;;Not sufficient data. Data supressed to ensure confidentiality.;;Not sufficient data. Data supressed to ensure confidentiality.;
Montana;2005;;Not sufficient data. Data supressed to ensure confidentiality.;15;;19.0;;;Not sufficient data. Data supressed to ensure confidentiality.;
Montana;2004;;Not sufficient data. Data supressed to ensure confidentiality.;21;;14.0;;;Not sufficient data. Data supressed to ensure confidentiality.;
New Mexico;2004;33;;43;;98.0;;15;;
Arizona;2003;64;;71;;132.0;;22;;
Maine;2002;;Not sufficient data. Data supressed to ensure confidentiality.;43;;25.0;;12;;
New York;2002;50;;135;;45.0;;27;;
Alaska;2001;;Not sufficient data. Data supressed to ensure confidentiality.;;Not sufficient data. Data supressed to ensure confidentiality.;;Not sufficient data. Data supressed to ensure confidentiality.;;Not sufficient data. Data supressed to ensure confidentiality.;
Rhode Island;2001;;Not sufficient data. Data supressed to ensure confidentiality.;;Not sufficient data. Data supressed to ensure confidentiality.;17.0;;;Not sufficient data. Data supressed to ensure confidentiality.;
Michigan;2000;87;;14;;45.0;;17;;
Vermont;2000;;Not sufficient data. Data supressed to ensure confidentiality.;;Not sufficient data. Data supressed to ensure confidentiality.;15.0;;;Not sufficient data. Data supressed to ensure confidentiality.;
Virginia;1999;65;;20;;108.0;;21;;
Louisiana;2015;126;;16;;108.0;;38;;
Oregon;2015;102;;70;;150.0;;34;;
Arizona;2014;197;;62;;290.0;;57;;
Delaware;2014;54;;24;;38.0;;29;;
Florida;2014;344;;227;;697.0;;343;;
New Mexico;2014;139;;45;;223.0;;66;;
North Carolina;2014;266;;131;;462.0;;217;;
Texas;2014;425;;116;;471.0;;157;;
Arizona;2013;146;;64;;253.0;;52;;
North Dakota;2013;;Not sufficient data. Data supressed to ensure confidentiality.;;Not sufficient data. Data supressed to ensure confidentiality.;;Not sufficient data. Data supressed to ensure confidentiality.;;Not sufficient data. Data supressed to ensure confidentiality.;
Wisconsin;2013;232;;76;;277.0;;81;;
Kentucky;2012;143;;79;;391.0;;70;;
Mississippi;2012;;Not sufficient data. Data supressed to ensure confidentiality.;22;;61.0;;20;;
Missouri;2012;210;;62;;203.0;;56;;
Michigan;2011;267;;147;;221.0;;89;;
Missouri;2009;162;;80;;189.0;;67;;
Nevada;2009;22;;126;;256.0;;42;;
Ohio;2009;214;;122;;289.0;;91;;
Virginia;2009;104;;126;;209.0;;80;;
Alaska;2008;;Not sufficient data. Data supressed to ensure confidentiality.;30;;51.0;;13;;
California;2008;325;;337;;1082.0;;155;;
Florida;2008;108;;463;;858.0;;132;;
Georgia;2007;11;;168;;139.0;;65;;
Idaho;2007;;Not sufficient data. Data supressed to ensure confidentiality.;23;;32.0;;10;;
Missouri;2005;52;;85;;139.0;;47;;
South Carolina;2005;;Not sufficient data. Data supressed to ensure confidentiality.;59;;59.0;;30;;
Nebraska;2004;;Not sufficient data. Data supressed to ensure confidentiality.;;Not sufficient data. Data supressed to ensure confidentiality.;20.0;;;Not sufficient data. Data supressed to ensure confidentiality.;
South Dakota;2004;;Not sufficient data. Data supressed to ensure confidentiality.;;Not sufficient data. Data supressed to ensure confidentiality.;;Not sufficient data. Data supressed to ensure confidentiality.;;Not sufficient data. Data supressed to ensure confidentiality.;
Oklahoma;2003;;Not sufficient data. Data supressed to ensure confidentiality.;92;;141.0;;44;;
Ohio;2001;86;;37;;144.0;;55;;
Kansas;2000;;Not sufficient data. Data supressed to ensure confidentiality.;;Not sufficient data. Data supressed to ensure confidentiality.;;Not sufficient data. Data supressed to ensure confidentiality.;;Not sufficient data. Data supressed to ensure confidentiality.;
Maine;1999;;Not sufficient data. Data supressed to ensure confidentiality.;;Not sufficient data. Data supressed to ensure confidentiality.;;Not sufficient data. Data supressed to ensure confidentiality.;;Not sufficient data. Data supressed to ensure confidentiality.;
Minnesota;1999;;Not sufficient data. Data supressed to ensure confidentiality.;11;;20.0;;;Not sufficient data. Data supressed to ensure confidentiality.;
New Hampshire;1999;;Not sufficient data. Data supressed to ensure confidentiality.;;Not sufficient data. Data supressed to ensure confidentiality.;17.0;;;Not sufficient data. Data supressed to ensure confidentiality.;
Pennsylvania;1999;182;;11;;79.0;;24;;
Idaho;2015;16;;12;;51.0;;16;;
Massachusetts;2015;634;;82;;225.0;;949;;
New Hampshire;2015;78;;25;;63.0;;285;;
Nevada;2014;64;;64;;224.0;;32;;
Missouri;2013;261;;54;;237.0;;97;;
Texas;2013;369;;128;;452.0;;112;;
New Jersey;2012;304;;68;;217.0;;38;;
Iowa;2011;14;;37;;88.0;;29;;
Louisiana;2011;17;;14;;58.0;;20;;
Nebraska;2011;;Not sufficient data. Data supressed to ensure confidentiality.;18;;33.0;;;Not sufficient data. Data supressed to ensure confidentiality.;
Wyoming;2010;;Not sufficient data. Data supressed to ensure confidentiality.;;Not sufficient data. Data supressed to ensure confidentiality.;31.0;;;Not sufficient data. Data supressed to ensure confidentiality.;
Georgia;2009;21;;165;;252.0;;83;;
Mississippi;2009;;Not sufficient data. Data supressed to ensure confidentiality.;18;;44.0;;31;;
Connecticut;2008;109;;47;;38.0;;16;;
Hawaii;2008;;Not sufficient data. Data supressed to ensure confidentiality.;10;;34.0;;;Not sufficient data. Data supressed to ensure confidentiality.;
Minnesota;2008;;Not sufficient data. Data supressed to ensure confidentiality.;60;;90.0;;32;;
Rhode Island;2008;;Not sufficient data. Data supressed to ensure confidentiality.;28;;29.0;;13;;
Oregon;2007;110;;138;;94.0;;18;;
Alaska;2006;;Not sufficient data. Data supressed to ensure confidentiality.;11;;14.0;;;Not sufficient data. Data supressed to ensure confidentiality.;
Hawaii;2004;;Not sufficient data. Data supressed to ensure confidentiality.;16;;32.0;;;Not sufficient data. Data supressed to ensure confidentiality.;
Illinois;2004;36;;69;;74.0;;38;;
West Virginia;2003;;Not sufficient data. Data supressed to ensure confidentiality.;68;;116.0;;43;;
Georgia;2002;;Not sufficient data. Data supressed to ensure confidentiality.;50;;96.0;;36;;
Hawaii;2002;;Not sufficient data. Data supressed to ensure confidentiality.;14;;27.0;;;Not sufficient data. Data supressed to ensure confidentiality.;
New Mexico;2002;23;;32;;135.0;;17;;
Vermont;2002;;Not sufficient data. Data supressed to ensure confidentiality.;;Not sufficient data. Data supressed to ensure confidentiality.;19.0;;;Not sufficient data. Data supressed to ensure confidentiality.;
Arkansas;2000;;Not sufficient data. Data supressed to ensure confidentiality.;;Not sufficient data. Data supressed to ensure confidentiality.;;Not sufficient data. Data supressed to ensure confidentiality.;;Not sufficient data. Data supressed to ensure confidentiality.;
Louisiana;2000;;Not sufficient data. Data supressed to ensure confidentiality.;;Not sufficient data. Data supressed to ensure confidentiality.;24.0;;;Not sufficient data. Data supressed to ensure confidentiality.;
Nebraska;2000;;Not sufficient data. Data supressed to ensure confidentiality.;;Not sufficient data. Data supressed to ensure confidentiality.;;Not sufficient data. Data supressed to ensure confidentiality.;;Not sufficient data. Data supressed to ensure confidentiality.;
California;1999;468;;73;;936.0;;87;;
Iowa;2015;45;;24;;75.0;;44;;
Hawaii;2014;12;;10;;35.0;;;Not sufficient data. Data supressed to ensure confidentiality.;
Maine;2014;38;;29;;80.0;;62;;
Washington;2014;289;;115;;288.0;;62;;
Michigan;2013;421;;163;;283.0;;86;;
Nevada;2013;48;;70;;242.0;;26;;
Alaska;2012;23;;10;;42.0;;;Not sufficient data. Data supressed to ensure confidentiality.;
Oklahoma;2011;14;;75;;349.0;;83;;
Arizona;2010;90;;106;;327.0;;68;;
Massachusetts;2010;68;;83;;170.0;;68;;
Washington;2010;60;;229;;293.0;;65;;
Kansas;2009;11;;45;;60.0;;35;;
Pennsylvania;2009;175;;103;;292.0;;105;;
Washington;2009;67;;262;;329.0;;71;;
New Jersey;2008;116;;52;;124.0;;19;;
New York;2008;219;;277;;466.0;;121;;
Alabama;2007;;Not sufficient data. Data supressed to ensure confidentiality.;86;;66.0;;21;;
North Dakota;2005;;Not sufficient data. Data supressed to ensure confidentiality.;;Not sufficient data. Data supressed to ensure confidentiality.;;Not sufficient data. Data supressed to ensure confidentiality.;;Not sufficient data. Data supressed to ensure confidentiality.;
Kentucky;2004;;Not sufficient data. Data supressed to ensure confidentiality.;129;;89.0;;32;;
Idaho;2003;;Not sufficient data. Data supressed to ensure confidentiality.;21;;29.0;;;Not sufficient data. Data supressed to ensure confidentiality.;
Maryland;2003;29;;40;;26.0;;11;;
Wisconsin;2000;29;;18;;49.0;;23;;
Connecticut;1999;96;;13;;10.0;;;Not sufficient data. Data supressed to ensure confidentiality.;
District of Columbia;1999;19;;;Not sufficient data. Data supressed to ensure confidentiality.;;Not sufficient data. Data supressed to ensure confidentiality.;;Not sufficient data. Data supressed to ensure confidentiality.;
North Dakota;2015;;Not sufficient data. Data supressed to ensure confidentiality.;;Not sufficient data. Data supressed to ensure confidentiality.;15.0;;;Not sufficient data. Data supressed to ensure confidentiality.;
Massachusetts;2014;469;;88;;178.0;;453;;
Missouri;2014;334;;53;;237.0;;109;;
Nebraska;2014;;Not sufficient data. Data supressed to ensure confidentiality.;;Not sufficient data. Data supressed to ensure confidentiality.;30.0;;13;;
New Jersey;2014;424;;50;;245.0;;111;;
Delaware;2013;39;;21;;35.0;;22;;
Hawaii;2013;10;;17;;39.0;;;Not sufficient data. Data supressed to ensure confidentiality.;
Iowa;2013;31;;24;;106.0;;32;;
Kansas;2012;16;;33;;88.0;;44;;
Minnesota;2012;46;;67;;108.0;;40;;
Ohio;2011;438;;163;;582.0;;162;;
Georgia;2010;10;;150;;305.0;;103;;
Arizona;2009;84;;105;;312.0;;55;;
Illinois;2007;63;;98;;144.0;;101;;
New Mexico;2007;28;;52;;175.0;;19;;
Wisconsin;2007;34;;140;;180.0;;55;;
Wyoming;2007;;Not sufficient data. Data supressed to ensure confidentiality.;;Not sufficient data. Data supressed to ensure confidentiality.;;Not sufficient data. Data supressed to ensure confidentiality.;;Not sufficient data. Data supressed to ensure confidentiality.;
Minnesota;2006;;Not sufficient data. Data supressed to ensure confidentiality.;53;;55.0;;28;;
Georgia;2004;;Not sufficient data. Data supressed to ensure confidentiality.;95;;100.0;;35;;
Louisiana;2004;;Not sufficient data. Data supressed to ensure confidentiality.;70;;55.0;;13;;
Michigan;2004;94;;97;;104.0;;48;;
Kentucky;2003;;Not sufficient data. Data supressed to ensure confidentiality.;128;;93.0;;27;;
New Hampshire;2003;;Not sufficient data. Data supressed to ensure confidentiality.;36;;22.0;;11;;
Oregon;2003;34;;88;;80.0;;11;;
North Carolina;2002;47;;190;;134.0;;50;;
Pennsylvania;2002;137;;39;;94.0;;42;;
Texas;2002;178;;136;;307.0;;117;;
Georgia;2000;;Not sufficient data. Data supressed to ensure confidentiality.;16;;61.0;;12;;
Illinois;2000;35;;56;;45.0;;24;;
Virginia;2000;64;;37;;104.0;;26;;
Kansas;1999;;Not sufficient data. Data supressed to ensure confidentiality.;;Not sufficient data. Data supressed to ensure confidentiality.;10.0;;;Not sufficient data. Data supressed to ensure confidentiality.;
Utah;1999;55;;20;;95.0;;;Not sufficient data. Data supressed to ensure confidentiality.;
Washington;1999;57;;52;;97.0;;23;;
